truncate table employee_role;
truncate table hibernate_sequence;
truncate table employee;
truncate table status;
truncate table role;
insert into role (role_id, role) values (1,"Admin");
insert into role (role_id, role) values (2,"SuperUser");
insert into role (role_id, role) values (3,"User");
insert into employee (employee_id,lastname,firstname,extension,cellphone,email,active) values (1,'Adams','Michael','45','(864) 553-2828','michael.adams@steereengineering.com',1);
insert into employee (employee_id,lastname,firstname,extension,cellphone,email,active) values (2,'Alchaar','Omar','37','(508) 930-7894','omar.alchaar@steereengineering.com',1);
insert into employee (employee_id,lastname,firstname,extension,cellphone,email,active) values (3,'Azevedo','Jon','15','(401) 835-8356','jon.azevedo@steereengineering.com',1);
insert into employee (employee_id,lastname,firstname,extension,cellphone,email,active) values (4,'Baker','Steve','31','(401) 258-3087','steven.baker@steereengineering.com',1);
insert into employee (employee_id,lastname,firstname,extension,cellphone,email,active) values (5,'Barone','Louis','16','(401) 477-0112','louis.barone@steereengineering.com',1);
insert into employee (employee_id,lastname,firstname,extension,cellphone,email,active) values (6,'Booth','Adam','36','(508) 738-0214','adam.booth@steereengineering.com',1);
insert into employee (employee_id,lastname,firstname,extension,cellphone,email,active) values (7,'Cabral','Tricia','46','(508)455-8460','patricia.cabral@steereengineering.com',1);
insert into employee (employee_id,lastname,firstname,extension,cellphone,email,active) values (8,'Cardello','Joseph','47','(401) 486-3243','joseph.cardello@steereengineering.com',1);
insert into employee (employee_id,lastname,firstname,extension,cellphone,email,active) values (9,'Cinq-Mars','Tammy','26','(508) 274-4165','tammy.cinq-mars@steereengineering.com',1);
insert into employee (employee_id,lastname,firstname,extension,cellphone,email,active) values (10,'Donilon','Kevin','43','(401) 741-4732','kevin.donilon@steereengineering.com',1);
insert into employee (employee_id,lastname,firstname,extension,cellphone,email,active) values (11,'Gagnon','Peter','13','(508) 789-2279','peter.gagnon@steereengineering.com',1);
insert into employee (employee_id,lastname,firstname,extension,cellphone,email,active) values (12,'Gallagher','Sean','44','(401) 263-6407','sean.gallagher@steereengineering.com',1);
insert into employee (employee_id,lastname,firstname,extension,cellphone,email,active) values (13,'Giridhar','Sowmya','38','(424) 306-9579','sowmya.giridhar@steereengineering.com',1);
insert into employee (employee_id,lastname,firstname,extension,cellphone,email,active) values (14,'Guay','Brenna','11','(401) 595-3421','brenna.guay@steereengineering.com',1);
insert into employee (employee_id,lastname,firstname,extension,cellphone,email,active) values (15,'Guillotte','Ronald','34','(774) 263-8261','ronald.guillotte@steereengineering.com',1);
insert into employee (employee_id,lastname,firstname,extension,cellphone,email,active) values (16,'Herrington','Rachele','(518) 650-6824','(402)-740-0814','rachele.herrington@steereengineering.com',1);
insert into employee (employee_id,lastname,firstname,extension,cellphone,email,active) values (17,'Iplikcioglu','Merve','18','(203) 804-3171','merve.iplikcioglu@steereengineering.com',1);
insert into employee (employee_id,lastname,firstname,extension,cellphone,email,active) values (18,'Iwanczuk','Rebecca','22','(401) 439-1284','rebecca.iwanczuk@steereengineering.com',1);
insert into employee (employee_id,lastname,firstname,extension,cellphone,email,active) values (19,'Lowell','David','35','(401) 644-6852','david.lowell@steereengineering.com',1);
insert into employee (employee_id,lastname,firstname,extension,cellphone,email,active) values (20,'Mcauley','Duncan','27','(716) 392-7293','duncan.mcauley@steereengineering.com',1);
insert into employee (employee_id,lastname,firstname,extension,cellphone,email,active) values (21,'Mendoza','Marlyn','N/A','(401) 598-7293','marlyn.mendoza@steereengineering.com',1);
insert into employee (employee_id,lastname,firstname,extension,cellphone,email,active) values (22,'Palmer','Christine','42','(401) 474-1454','christine.palmer@steereengineering.com',1);
insert into employee (employee_id,lastname,firstname,extension,cellphone,email,active) values (23,'Paulino','Rocio','N/A','(973) 563-6650','rocio.paulino@steereengineering.com',1);
insert into employee (employee_id,lastname,firstname,extension,cellphone,email,active) values (24,'Perez','Tomas','17','(401) 215-4392','tomas.perez@steereengineering.com',1);
insert into employee (employee_id,lastname,firstname,extension,cellphone,email,active) values (25,'Pierce','Martin','12','(401) 924-0003','martin.pierce@steereengineering.com',1);
insert into employee (employee_id,lastname,firstname,extension,cellphone,email,active) values (26,'Popovsky','Sharon','30','(508) 932-5545','sharon.popovsky@steereengineering.com',1);
insert into employee (employee_id,lastname,firstname,extension,cellphone,email,active) values (27,'Richard','Nicole','21','(401) 648-5553','nicole.richard@steereengineering.com',1);
insert into employee (employee_id,lastname,firstname,extension,cellphone,email,active) values (28,'Steere','Alison','48','(401) 258-9371','alison.steere@steereengineering.com',1);
insert into employee (employee_id,lastname,firstname,extension,cellphone,email,active) values (29,'Steere','Patricia','10','(401) 258-9391','patricia.steere@steereengineering.com',1);
insert into employee (employee_id,lastname,firstname,extension,cellphone,email,active) values (30,'Steere','Thomas','20','(401) 575-8787','thomas.steere@steereengineering.com',1);
insert into employee (employee_id,lastname,firstname,extension,cellphone,email,active) values (31,'Walz','Paul','28','(401) 871-4566','paul.walz@steereengineering.com',1);
insert into employee (employee_id,lastname,firstname,extension,cellphone,email,active) values (32,'Weidele','Matthew','19','(401) 935-6479','matthew.weidele@steereengineering.com',1);
insert into employee (employee_id,lastname,firstname,extension,cellphone,email,active) values (33,'Wharton','Kelly','29','(401) 714-1589','kelly.wharton@steereengineering.com',1);
insert into employee (employee_id,lastname,firstname,extension,cellphone,email,active,password,confirmpassword) values (34,'Cinq-Mars','John','N/A','(401) 345-8255','john.cinq-mars@steereengineering.com',1,'$2a$10$N806wC8d3zg/xC5ZnMp8ZeremZu7TBLMizjHiCxmhzDz029iOu5RC','$2a$10$N806wC8d3zg/xC5ZnMp8ZeremZu7TBLMizjHiCxmhzDz029iOu5RC');
insert into employee_role(employee_id,role_id) values (34,1);
insert into employee_role(employee_id,role_id) values (1,3);
insert into employee_role(employee_id,role_id) values (2,3);
insert into employee_role(employee_id,role_id) values (3,3);
insert into employee_role(employee_id,role_id) values (4,3);
insert into employee_role(employee_id,role_id) values (5,3);
insert into employee_role(employee_id,role_id) values (6,3);
insert into employee_role(employee_id,role_id) values (7,3);
insert into employee_role(employee_id,role_id) values (8,3);
insert into employee_role(employee_id,role_id) values (9,1);
insert into employee_role(employee_id,role_id) values (10,3);
insert into employee_role(employee_id,role_id) values (11,3);
insert into employee_role(employee_id,role_id) values (12,3);
insert into employee_role(employee_id,role_id) values (13,3);
insert into employee_role(employee_id,role_id) values (14,3);
insert into employee_role(employee_id,role_id) values (15,3);
insert into employee_role(employee_id,role_id) values (16,3);
insert into employee_role(employee_id,role_id) values (17,3);
insert into employee_role(employee_id,role_id) values (18,1);
insert into employee_role(employee_id,role_id) values (19,3);
insert into employee_role(employee_id,role_id) values (20,3);
insert into employee_role(employee_id,role_id) values (21,3);
insert into employee_role(employee_id,role_id) values (22,3);
insert into employee_role(employee_id,role_id) values (23,3);
insert into employee_role(employee_id,role_id) values (24,3);
insert into employee_role(employee_id,role_id) values (25,3);
insert into employee_role(employee_id,role_id) values (26,3);
insert into employee_role(employee_id,role_id) values (27,3);
insert into employee_role(employee_id,role_id) values (28,3);
insert into employee_role(employee_id,role_id) values (29,3);
insert into employee_role(employee_id,role_id) values (30,1);
insert into employee_role(employee_id,role_id) values (31,3);
insert into employee_role(employee_id,role_id) values (32,3);
insert into employee_role(employee_id,role_id) values (33,3);
insert into hibernate_sequence (next_val) value (35);